{
  "headline": "Chunk SIZE, not chunking STRATEGY, determines RAG retrieval quality",
  "key_findings": [
    {
      "finding": "LlamaIndex SentenceSplitter ignores chunk_size parameter",
      "evidence": "Requested 1024 chars, produced 3677 chars (3.6x)",
      "impact": "All benchmarks showing sentence chunking 'wins' are confounded"
    },
    {
      "finding": "Chunk size has strong correlation with recall",
      "evidence": "r=0.74 (HotpotQA), r=0.92 (Natural Questions)",
      "impact": "Increasing chunk size from 900\u21922800 chars improves recall from 75%\u219297.5%"
    },
    {
      "finding": "When controlled, token chunking equals or beats sentence chunking",
      "evidence": "token_3000 (2800 chars): 97.5% vs sentence_3000 (8150 chars): 95%",
      "impact": "Strategy choice matters less than chunk size choice"
    },
    {
      "finding": "Semantic chunking cannot be size-controlled",
      "evidence": "Always produces ~1100 char chunks regardless of settings",
      "impact": "Not suitable when specific chunk sizes are required"
    }
  ],
  "practical_recommendations": [
    "Use larger chunks (2500-3500 chars) for better recall",
    "If using sentence chunking, be aware it produces 3-4x larger chunks than configured",
    "For controlled experiments, use token or recursive chunking",
    "Semantic chunking is best when you want content-driven boundaries, not size control"
  ],
  "methodology_note": "4 experiments, 30 configurations, HotpotQA + Natural Questions, RAGAS evaluation"
}